1,Clim,Cervantes,45,766-318-40,ccervantes0@last.fm,categoryB1
2,Zachariah,Gronow,58,115-155-93,zgronow1@altervista.org,categoryE1
3,Hagan,Bonnar,32,467-413-61,hbonnar2@skyrock.com,categoryE1
4,Merv,Skurray,73,870-267-67,mskurray3@dedecms.com,categoryE1
5,Marabel,Arias,63,835-161-62,marias4@etsy.com,categoryE2
6,Obidiah,Sturges,19,925-505-84,osturges5@feedburner.com,categoryE1
7,Kitty,Paling,57,708-005-04,kpaling6@ed.gov,categoryC2
8,Alistair,Doveston,66,066-000-69,adoveston7@4shared.com,categoryA2
9,Nessie,Gersam,32,394-186-03,ngersam8@howstuffworks.com,categoryE1
10,Ezekiel,Aveyard,32,763-935-89,eaveyard9@wisc.edu,categoryC2
11,Corabel,Allner,50,410-609-70,callnera@bravesites.com,categoryA2
12,Doug,Lineham,33,327-155-95,dlinehamb@mit.edu,categoryE2
13,Mortie,Rontree,63,584-618-41,mrontreec@cam.ac.uk,categoryC1
14,Emmaline,Ratcliff,61,312-593-85,eratcliffd@purevolume.com,categoryA2
15,Kimbra,Raycroft,27,736-472-63,kraycrofte@census.gov,categoryE1
16,Etta,O'Gready,59,074-122-06,eogreadyf@va.gov,categoryC1
17,Tracey,Hordell,35,564-615-45,thordellg@deviantart.com,categoryE2
18,Felic,Lavalde,86,470-344-99,flavaldeh@japanpost.jp,categoryC2
19,Larine,Cleyne,17,914-960-95,lcleynei@51.la,categoryA2
20,Katrina,Rumble,65,618-283-76,krumblej@drupal.org,categoryA2
21,Eydie,Klimt,84,981-810-82,eklimtk@qq.com,categoryE1
22,Crichton,Tubby,69,812-848-97,ctubbyl@soup.io,categoryA2
23,Dorene,McGenis,38,522-694-31,dmcgenism@xrea.com,categoryE1
24,Carmine,Demanche,19,928-418-96,cdemanchen@ning.com,categoryE1
25,Egon,Willment,27,085-095-06,ewillmento@xinhuanet.com,categoryA2
26,Inglebert,Giovanardi,32,827-783-67,igiovanardip@chicagotribune.com,categoryB1
27,Kala,Ackwood,46,057-029-99,kackwoodq@xrea.com,categoryE1
28,Urban,Burry,19,534-870-80,uburryr@histats.com,categoryA2
29,Baxie,Raithby,65,429-751-55,braithbys@de.vu,categoryA2
30,Clara,Kettow,28,241-329-82,ckettowt@mozilla.com,categoryE2
31,Anatole,Stogill,66,933-932-42,astogillu@mashable.com,categoryE1
32,Dougie,Pharo,30,067-782-33,dpharov@intel.com,categoryE1
33,Irwinn,Castledine,66,734-962-16,icastledinew@disqus.com,categoryA2
34,Jessi,Shoulder,28,854-304-75,jshoulderx@nydailynews.com,categoryA2
35,Alvy,Reinger,61,099-406-78,areingery@telegraph.co.uk,categoryE1
36,Jewell,Lindeboom,46,727-075-30,jlindeboomz@senate.gov,categoryC2
37,Shawn,Mattusov,45,563-335-43,smattusov10@youtu.be,categoryC2
38,Kerr,Henniger,70,242-245-77,khenniger11@w3.org,categoryE2
39,Rorke,Steels,55,533-203-30,rsteels12@weebly.com,categoryC1
40,Jody,Charrette,42,446-219-99,jcharrette13@t-online.de,categoryA2
41,Vivyanne,Folley,45,749-329-37,vfolley14@tiny.cc,categoryA2
42,Glynda,Bulman,79,490-207-28,gbulman15@bbc.co.uk,categoryA2
43,Viole,Corder,63,234-290-49,vcorder16@samsung.com,categoryE2
44,Benedicta,Scripture,37,900-749-03,bscripture17@yale.edu,categoryC1
